{
    "1": {
        "道路1": {
            "count": 12665,
            "avg_speed": 2.371115466833275
        },
        "道路10": {
            "count": 4476,
            "avg_speed": 6.288242454449147
        },
        "道路11": {
            "count": 4143,
            "avg_speed": 4.447349711555325
        },
        "道路12": {
            "count": 3468,
            "avg_speed": 3.9070790130531368
        },
        "道路13": {
            "count": 6416,
            "avg_speed": 2.8633840720529107
        },
        "道路14": {
            "count": 10242,
            "avg_speed": 2.9744039821164696
        },
        "道路15": {
            "count": 1834,
            "avg_speed": 2.7584004654631977
        },
        "道路2": {
            "count": 6865,
            "avg_speed": 4.3138538687148
        },
        "道路3": {
            "count": 6968,
            "avg_speed": 4.002717576933928
        },
        "道路4": {
            "count": 9015,
            "avg_speed": 3.631768870107698
        },
        "道路5": {
            "count": 9557,
            "avg_speed": 4.516308889470907
        },
        "道路6": {
            "count": 7038,
            "avg_speed": 4.041535386912739
        },
        "道路7": {
            "count": 6962,
            "avg_speed": 4.963813162349666
        },
        "道路8": {
            "count": 5392,
            "avg_speed": 6.329094673740084
        },
        "道路9": {
            "count": 5633,
            "avg_speed": 4.828900325431759
        }
    },
    "10": {
        "道路1": {
            "count": 135,
            "avg_speed": 3.9805871032230193
        },
        "道路11": {
            "count": 91,
            "avg_speed": 4.188040002994933
        },
        "道路12": {
            "count": 66,
            "avg_speed": 4.025621206720245
        },
        "道路13": {
            "count": 138,
            "avg_speed": 1.9942705482319303
        },
        "道路14": {
            "count": 90,
            "avg_speed": 2.6876268881416876
        },
        "道路15": {
            "count": 12,
            "avg_speed": 2.6226759108139532
        },
        "道路2": {
            "count": 25,
            "avg_speed": 5.058340203194543
        },
        "道路3": {
            "count": 25,
            "avg_speed": 5.574879345109759
        },
        "道路4": {
            "count": 36,
            "avg_speed": 4.530907837206639
        },
        "道路5": {
            "count": 22,
            "avg_speed": 4.550610688987343
        },
        "道路7": {
            "count": 153,
            "avg_speed": 3.5754837579750216
        },
        "道路9": {
            "count": 61,
            "avg_speed": 4.7977775311228505
        },
        "道路10": {
            "count": 39,
            "avg_speed": 6.550189867952129
        },
        "道路6": {
            "count": 50,
            "avg_speed": 2.8068983954310864
        },
        "道路8": {
            "count": 31,
            "avg_speed": 6.202774621163915
        }
    },
    "2": {
        "道路1": {
            "count": 107,
            "avg_speed": 1.2976242856431723
        },
        "道路10": {
            "count": 137,
            "avg_speed": 0.32672837169536045
        },
        "道路11": {
            "count": 771,
            "avg_speed": 1.0347013503520832
        },
        "道路12": {
            "count": 4171,
            "avg_speed": 0.9274521350953666
        },
        "道路13": {
            "count": 4026,
            "avg_speed": 1.0032838141827514
        },
        "道路14": {
            "count": 977,
            "avg_speed": 1.110986380958822
        },
        "道路15": {
            "count": 43,
            "avg_speed": 1.1512857866326534
        },
        "道路2": {
            "count": 282,
            "avg_speed": 0.5565337934052622
        },
        "道路3": {
            "count": 288,
            "avg_speed": 1.0270720490820173
        },
        "道路4": {
            "count": 176,
            "avg_speed": 0.8471431588076342
        },
        "道路5": {
            "count": 59,
            "avg_speed": 0.955944622319168
        },
        "道路6": {
            "count": 68,
            "avg_speed": 1.0944804990920725
        },
        "道路7": {
            "count": 503,
            "avg_speed": 0.22075142505651518
        },
        "道路8": {
            "count": 41,
            "avg_speed": 1.0268774677297299
        },
        "道路9": {
            "count": 439,
            "avg_speed": 0.7364853341367482
        }
    },
    "3": {
        "道路1": {
            "count": 2446,
            "avg_speed": 4.2669251120736345
        },
        "道路10": {
            "count": 262,
            "avg_speed": 7.545824524873788
        },
        "道路11": {
            "count": 997,
            "avg_speed": 4.576572258566023
        },
        "道路12": {
            "count": 618,
            "avg_speed": 3.04083769372846
        },
        "道路13": {
            "count": 2222,
            "avg_speed": 4.253746914525473
        },
        "道路14": {
            "count": 1071,
            "avg_speed": 4.953563323549909
        },
        "道路15": {
            "count": 95,
            "avg_speed": 3.9694763387121226
        },
        "道路2": {
            "count": 72,
            "avg_speed": 4.791941592436096
        },
        "道路3": {
            "count": 72,
            "avg_speed": 3.545723617102804
        },
        "道路4": {
            "count": 85,
            "avg_speed": 3.9672216598266914
        },
        "道路5": {
            "count": 45,
            "avg_speed": 3.4031358607419078
        },
        "道路6": {
            "count": 134,
            "avg_speed": 5.190929238195208
        },
        "道路7": {
            "count": 259,
            "avg_speed": 4.643705487799646
        },
        "道路8": {
            "count": 110,
            "avg_speed": 7.732509215432022
        },
        "道路9": {
            "count": 312,
            "avg_speed": 6.520412674069519
        }
    },
    "4": {
        "道路1": {
            "count": 393,
            "avg_speed": 1.4181957345397174
        },
        "道路10": {
            "count": 91,
            "avg_speed": 4.974887475760834
        },
        "道路11": {
            "count": 167,
            "avg_speed": 3.62642875509416
        },
        "道路12": {
            "count": 46,
            "avg_speed": 3.2415060844675967
        },
        "道路13": {
            "count": 97,
            "avg_speed": 3.1212753754581826
        },
        "道路14": {
            "count": 67,
            "avg_speed": 2.3660939511656727
        },
        "道路15": {
            "count": 15,
            "avg_speed": 2.9985657870787135
        },
        "道路2": {
            "count": 214,
            "avg_speed": 3.240485252315933
        },
        "道路3": {
            "count": 170,
            "avg_speed": 3.233882266260971
        },
        "道路4": {
            "count": 175,
            "avg_speed": 3.492499063693247
        },
        "道路5": {
            "count": 149,
            "avg_speed": 4.9281161815194405
        },
        "道路6": {
            "count": 123,
            "avg_speed": 2.6476156350336195
        },
        "道路7": {
            "count": 168,
            "avg_speed": 4.943393963271345
        },
        "道路8": {
            "count": 136,
            "avg_speed": 6.88437700714764
        },
        "道路9": {
            "count": 173,
            "avg_speed": 4.698101619637058
        }
    },
    "6": {
        "道路1": {
            "count": 226,
            "avg_speed": 1.706332407468584
        },
        "道路10": {
            "count": 129,
            "avg_speed": 5.318064814924633
        },
        "道路11": {
            "count": 230,
            "avg_speed": 5.9855436053575986
        },
        "道路12": {
            "count": 15,
            "avg_speed": 4.483872117612395
        },
        "道路14": {
            "count": 134,
            "avg_speed": 5.666441630203045
        },
        "道路2": {
            "count": 279,