id,seq,is_moving,position,shape,orientation,velocity,type,heading,time_meas,ms_no,road_sec_id,fid,turn_type,category,time,road,event_name
200749035,280650347,1,"{""x"":40.0546,""y"":-372.50775,""z"":12.932287}","{""x"":5.145684,""y"":2.0567312,""z"":1.6098125}",1.3704698,8.20201,1,1.3704698,1681343214599720,16813432145,1004,1008,1,1,07:46:54,道路13,逆行
191253486,280638307,1,"{""x"":46.107517,""y"":-340.4128,""z"":12.591233}","{""x"":4.7216644,""y"":2.0094402,""z"":1.4923815}",1.2343562,0.16946182,1,1.2343562,1681342010599854,16813420105,1006,70366,0,2,07:26:50,道路13,逆行
191253124,280637732,1,"{""x"":53.40348,""y"":-324.80597,""z"":12.880854}","{""x"":4.1234484,""y"":1.9055904,""z"":1.5494651}",1.2181408,0.61959106,1,1.2181408,1681341953099836,16813419530,1006,70366,0,2,07:25:53,道路13,逆行
197999712,280639922,1,"{""x"":71.60446,""y"":-306.30457,""z"":12.849217}","{""x"":4.6811786,""y"":1.8369757,""z"":1.4339832}",1.367886,6.3305387,1,1.367886,1681342172099823,16813421720,1006,1011,0,1,07:29:32,道路13,逆行
201529459,280653552,1,"{""x"":-322.62683,""y"":40.329105,""z"":13.698242}","{""x"":6.6575108,""y"":2.9085255,""z"":3.5058594}",2.955009,0.25551346,4,2.955009,1681343535099721,16813435350,642,80561,0,1,07:52:15,道路1,逆行
